,Player,Age,Year,GS,Att_zscore_actual,Cmp%_zscore_actual,Yds_zscore_actual,Y/G_zscore_actual,TD%_zscore_actual,Int%_zscore_actual,Sk%_zscore_actual,Rate_zscore_actual,ANY/A_zscore_actual,Att_zscore_predict,Cmp%_zscore_predict,Yds_zscore_predict,Y/G_zscore_predict,TD%_zscore_predict,Int%_zscore_predict,Sk%_zscore_predict,Rate_zscore_predict,ANY/A_zscore_predict
0,Vinny Testaverde,37,2000,16,1.7,-0.26,1.35,0.93,0.1,0.75,-1.48,-0.37,0.05,1.2777041892508234,0.2784322725705894,1.2553527159512492,0.9368170622873898,0.38402431173796525,-0.21761219856675207,-0.336443849124959,0.38017540903041414,0.4219774496035667
1,Brett Favre,31,2000,16,1.64,0.22,1.42,1.01,-0.02,-0.44,-0.65,0.24,0.29,1.0815065245676216,0.2876738914924626,1.0418649126689299,0.7073818476526832,0.31305445255209086,-0.11492641759965973,-0.44697980547440835,0.2854309675364783,0.280133277954814
2,Peyton Manning,24,2000,16,1.59,0.97,1.91,1.58,1.43,-0.61,-1.17,1.36,1.43,1.2508990326909775,0.2764422921608778,1.0922202634673792,0.7341199414917352,-0.025409094062367833,-0.2254119658668456,-0.2925530145621285,0.1827357485711515,0.1383520929253404
3,Donovan McNabb,24,2000,16,1.57,0.17,1.05,0.58,0.16,-0.86,-0.15,0.22,-0.02,0.7935673193222468,-0.013465191314165244,0.5803898042072468,0.30555712383809086,-0.27072892761227724,-0.3242165955882564,0.2411202953565445,-0.01090811644119498,-0.07668843958728995
4,Jeff Garcia,30,2000,16,1.53,1.11,1.8,1.45,1.25,-1.28,-0.99,1.56,1.5,0.807315695868294,0.3009220833788298,0.7806993560307471,0.5814747372890986,-0.012016520809623003,-0.23551025620590227,-0.09329123134793021,0.24082713390402374,0.2127985470527673
5,Steve Beuerlein,35,2000,16,1.36,0.67,1.35,0.93,0.1,0.07,0.67,0.35,0.1,0.7592308587470562,0.5307640756653988,0.8399896853881392,0.7479247223433674,0.6211968432980892,-0.3966731669024656,-0.5140338089883414,0.724117300899214,0.7718683094636601
6,Drew Bledsoe,28,2000,16,1.35,0.31,0.99,0.51,-0.14,-0.78,-0.02,0.19,0.01,0.9018034031424581,0.14288570087638142,0.8103082057294733,0.5814717594399941,-0.012684555096894461,-0.15722745623152914,-0.25179677194821987,0.11442869945258155,0.1891992950973953
7,Kerry Collins,28,2000,16,1.33,0.31,1.25,0.82,0.46,-0.69,-0.75,0.58,0.57,0.759354219537948,0.1698898717702852,0.686554055569765,0.4415415247301039,0.1309553698460932,-0.14065017112175768,-0.24602568560550403,0.15316179824713183,0.19066794626628172
8,Mark Brunell,30,2000,16,1.23,0.65,1.28,0.84,0.28,-0.52,0.43,0.64,0.41,0.6960139621992025,0.295626564404279,0.7328536985780348,0.58551369284689,0.4394839828153377,-0.4545111620622411,-0.3219607555320736,0.5425343121685426,0.6139407021544838
9,Rich Gannon,35,2000,16,1.0,0.52,1.11,0.65,1.49,-0.86,-0.59,1.21,1.14,0.7128684362809495,0.4670235843380033,0.7568734411333112,0.670938697159713,0.5075904713242203,-0.30514446287596375,-0.47685199758020924,0.589822553031398,0.6145644466392413
10,Shaun King,23,2000,16,0.73,-0.48,0.57,0.02,0.46,-0.27,0.04,0.09,0.08,1.3236379118390864,0.1007900408361376,1.3263142880899794,1.028463820742196,0.14704360058130256,-0.4013185093073614,-0.5517180018886306,0.40717125111726404,0.6123727586264232
11,Kerry Collins,29,2001,16,1.29,-0.06,1.17,0.97,-0.18,-0.4,-0.55,0.16,0.36,0.7011777092941257,0.1577831761123403,0.7418989950657383,0.501240232607903,0.3403442735221613,-0.10380684562301365,-0.009312193273408757,0.3242329047302015,0.39710969646679223
12,Brad Johnson,33,2001,16,1.24,0.58,0.91,0.61,-0.75,-0.82,-0.11,0.2,0.05,1.0205409240267003,0.771437439533839,0.9813316608498042,0.744516348978039,0.38949089159918476,-0.19344972935972948,-0.5210912769925737,0.5236311361108735,0.4213263393083988
13,Aaron Brooks,25,2001,16,1.24,-0.4,1.22,1.04,0.63,0.18,0.19,0.11,0.16,0.9296824078743746,0.7216980390465793,0.9667216313142662,0.9639994466651729,0.3255529411630131,-0.4874023545407721,-0.36980138100587107,0.6312848288315134,0.6042362231007029
14,Rich Gannon,36,2001,16,1.19,1.58,1.22,1.04,0.75,-1.03,-0.98,1.41,1.14,0.8209242999829615,0.6258330969267005,0.8523163531242421,0.7610775134884958,0.4454844736918979,0.003992937124067619,-0.1949684348719432,0.46918672911164405,0.36186802394127715
15,Peyton Manning,25,2001,16,1.18,0.96,1.43,1.34,0.69,0.33,-0.88,0.64,0.7,1.25049976375732,0.823462838078817,1.3472730482339708,1.2622721052429862,0.8505065101706478,-0.5958624297128341,-0.5648951277506433,0.9486563296620831,0.8842365880045336
16,Kurt Warner,30,2001,16,1.18,2.16,1.93,2.04,1.73,0.23,-0.38,1.81,1.63,1.0032187693097936,0.4662549230822711,0.9743977297763277,0.9740909492371108,0.15208469964543717,-0.2273611132600097,-0.6445154087784319,0.38748578260644934,0.4883080619411767
17,Jake Plummer,27,2001,16,1.07,-0.0,1.09,0.86,-0.12,-0.45,-0.81,0.33,0.61,0.5336763104984859,0.11613395016310071,0.4886714041312956,0.27996850491321623,0.13425659855005345,0.08200597922025238,0.024895275160863276,0.07660474925473085,0.049495904521378795
18,Trent Green,31,2001,16,1.06,-0.26,1.18,0.99,-0.18,0.54,-0.25,-0.25,0.2,1.0966234646141242,0.1902065108583175,0.9816823657706775,0.6533170025430971,0.1979082035680127,-0.2456659872154877,-0.14679187346171166,0.2381275495229416,0.17069953060804216
19,Doug Flutie,39,2001,16,1.05,-0.3,0.95,0.67,-0.41,-0.03,-1.02,-0.18,0.22,0.7642727340945799,0.27806400010729737,0.8537667524254848,1.001967706490925,0.879269137589085,-0.5356465321327325,0.038032293509075055,0.830281100927275,0.7245783486090875
20,Brett Favre,32,2001,16,0.99,0.74,1.28,1.13,1.55,-0.35,-1.18,1.31,1.39,1.0804891396627285,0.6646791645979605,1.2067828633273443,1.0072525109904076,0.25476035554181,-0.15810438398678947,-0.6489964347414238,0.568201093769675,0.6604414992878864
21,Jeff Garcia,31,2001,16,0.96,0.96,1.01,0.75,1.55,-0.61,-0.91,1.36,1.17,1.304913923172394,0.4464760825423083,1.2554975351495834,0.8368746373489196,0.3083974586350349,-0.31482065680358995,-0.6183335716316274,0.4508760458745894,0.3956612647700973
22,Donovan McNabb,25,2001,16,0.91,-0.02,0.79,0.44,0.86,-0.61,-0.11,0.65,0.46,1.0026234180925735,0.239301484410374,0.8859001346741097,0.7495246041123983,-0.13106090410796722,-0.1328659011252128,-0.09813564817199602,0.08341878850297345,0.10251523524883163
23,Tim Couch,24,2001,16,0.71,0.4,0.65,0.25,0.06,0.54,0.83,-0.11,-0.38,0.6820778033509342,-0.0651616846984083,0.530230793858749,0.36221764625486547,-0.16179656213548316,-0.5087692018923238,0.4725486917771212,0.1325430907084638,0.02012983337555982
24,Jay Fiedler,30,2001,16,0.69,0.56,0.83,0.5,0.46,0.33,-0.65,0.38,0.51,0.7321115325595647,0.41435131306789286,0.7126558287728286,0.5663042013037808,0.020384355263715723,-0.21886158071040254,-0.4331673866068403,0.2918057592671907,0.3284893281295498
25,Kordell Stewart,29,2001,16,0.65,0.46,0.7,0.32,-0.23,-0.56,-0.48,0.47,0.63,0.5782884942920868,0.39728417858898823,0.5970640120679159,0.24911417532358923,0.22172574458033031,-0.13987219990563596,0.0816758181906107,0.3315663109901121,0.33457448586002225
26,Vinny Testaverde,38,2001,16,0.64,0.22,0.44,-0.04,-0.12,-0.19,-1.25,0.04,0.17,0.89655696600592,0.5656663780669376,0.9244088420189708,0.8259557562631964,0.11359677339885141,-0.13343146435979464,-0.6256384517548721,0.4020187084871759,0.4682045833589754
27,Rich Gannon,37,2002,16,1.71,1.21,2.04,1.75,0.35,-1.05,-0.39,1.19,1.12,1.2870405264901605,0.2577420596747073,1.2392381291752643,0.9229450920968558,0.3187773167497179,-0.0922966613737663,-0.37942009977107166,0.298090859101269,0.36131509272596907
28,Drew Bledsoe,30,2002,16,1.66,0.5,1.79,1.46,0.17,-0.55,0.2,0.61,0.51,0.870568565271533,0.10370607256863192,0.8783681851574138,0.7038128085052664,0.1516418671960989,-0.20773942310659427,-0.12105875544551781,0.2548815543060316,0.3040279063633048
29,Tom Brady,25,2002,16,1.62,0.57,1.34,0.93,0.65,-0.66,-0.53,0.59,0.42,0.6557652613370472,0.4439903625779512,0.681720169652126,0.737831578463965,0.3716119896355269,-0.29892760814325803,0.1275273363423148,0.5251991951471143,0.4847230447639308
30,Peyton Manning,26,2002,16,1.56,1.06,1.67,1.32,0.59,-0.16,-0.8,0.75,0.7,1.3685058554642413,0.2586147806810325,1.476908498674606,1.2238146625052118,0.35247149793611804,-0.2482366537120086,-0.2920283763771842,0.4712557627751558,0.5601975649479181
31,Brett Favre,33,2002,16,1.35,0.54,1.26,0.84,0.77,-0.33,-0.62,0.59,0.5,1.1175605360374472,0.8210461213942999,1.0918573948060637,0.8608084808407676,0.2999642927177836,-0.21158463198956923,-0.4749366105530901,0.5244548404747477,0.42194565889419394
32,Daunte Culpepper,25,2002,16,1.34,0.4,1.41,1.01,-0.19,0.4,0.15,0.06,0.11,1.0245787683973813,0.5767704943917732,1.1102993151416305,1.0961240355742132,0.6391923167985831,-0.1570359208308743,-0.4707024060085395,0.6083103239631662,0.6106415494307565
33,Kerry Collins,30,2002,16,1.32,0.5,1.57,1.21,-0.07,-0.5,-0.69,0.58,0.87,0.7725013620483252,0.35186706239984233,0.7321345786379196,0.5866174177428899,-0.011064623958797551,-0.1237631760661395,-0.24821238652854324,0.19814579119027953,0.17380513184750684
34,Jake Plummer,28,2002,16,1.24,-0.43,0.74,0.23,-0.13,0.17,-0.19,-0.43,-0.41,0.6325057978952232,-0.0416152428138606,0.5181303023499944,0.2067546520730791,0.17018897244544737,-0.04761793170598226,-0.07487692318332287,0.07057887529605285,0.05855821652396974
35,Aaron Brooks,26,2002,16,1.23,-0.43,1.2,0.76,0.89,-0.38,-0.19,0.31,0.49,0.9080993478991475,0.18250214903305254,0.9132296032913836,0.7913882986172581,0.26905857684700507,-0.26116924705495276,-0.015523180483084511,0.38377408236182414,0.39923820742576605
36,Jeff Garcia,32,2002,16,1.23,0.57,1.02,0.56,0.23,-0.89,-0.94,0.59,0.61,1.0078691786347536,0.857965720338508,1.1633089564514452,0.9826808889361878,0.4399999291332094,-0.27125273819949886,-0.6025166500901383,0.7667695096263809,0.809780796827284
37,Steve McNair,29,2002,16,1.04,0.46,1.06,0.59,0.53,-0.27,-0.71,0.51,0.61,0.509426492065713,0.34616920756837355,0.5398203912121375,0.47093329668894846,0.23945201887728262,-0.17713269541903914,-0.20871408734678998,0.381597420558319,0.41488927039935414
38,Trent Green,32,2002,16,0.93,0.45,1.28,0.86,1.13,-0.38,-0.46,0.95,1.16,0.7450127859268325,0.31390619201139924,0.8750893205169403,0.8990244880661329,0.36971292181009413,-0.36813123039241735,-0.019742398360246563,0.6122517987561735,0.5900385592094874
39,Brad Johnson,35,2003,16,1.62,0.83,1.53,1.2,0.5,0.19,-0.92,0.38,0.39,0.9678105853224432,0.4126756733350452,0.9992339343548996,0.8960460603270993,0.21691862512598148,-0.20640949837496286,-0.3809358366162133,0.4192128948708633,0.48574893350362996
40,Peyton Manning,27,2003,16,1.6,1.67,1.89,1.67,0.77,-0.9,-1.01,1.38,1.33,1.3719715180630203,0.5779208512893198,1.4731228310503526,1.1817862075382435,0.4972716008936322,-0.4352721287610063,-0.26930510307789834,0.7250766709839704,0.6879318943269419
41,Joey Harrington,25,2003,16,1.53,-0.25,0.8,0.24,-0.31,0.36,-1.41,-0.62,-0.5,0.9176103416833127,-0.24833205459449603,0.7840400325095399,0.48466243057244845,0.06015472766830053,-0.19253701772394813,-0.38433774677138055,-0.029480977757499482,0.044193611783421655
42,Tom Brady,26,2003,16,1.38,0.51,1.38,1.0,0.39,-0.61,-0.31,0.63,0.59,0.9866628517728918,0.4210848783603665,1.0688781607873512,0.9977802988845157,0.47376412561125936,-0.44734518936835005,-0.11327743787606005,0.6380258793051485,0.6380505460809265
43,Trent Green,33,2003,16,1.36,1.01,1.71,1.43,0.5,-0.61,-0.84,1.01,1.19,1.154441162192058,0.5895736486688576,1.076675991717442,0.8305512500470354,0.2725345017839974,-0.4147782228935337,-0.1307309001785562,0.5184060492518222,0.35422211199606923
44,Jon Kitna,31,2003,16,1.34,0.87,1.36,0.97,0.72,-0.27,-0.07,0.72,0.47,0.6347136296473059,-0.038609522590118114,0.6244363491395392,0.5796829117536373,0.30771587426803987,0.13653390367708398,-0.42873776440478334,0.09632507979768103,0.21449316952048414
45,Tommy Maddox,32,2003,16,1.34,0.03,1.22,0.79,-0.09,-0.04,0.12,0.03,0.07,0.6782024000510979,0.34094675374365285,0.7855645763950101,0.6895046480959195,0.22860287330720422,-0.3201540156273074,-0.2460598664142568,0.47487537138152286,0.5397370536410617
46,Aaron Brooks,27,2003,16,1.33,0.32,1.33,0.93,0.5,-1.07,-0.17,0.8,0.77,0.5061108441886706,0.008010362940628646,0.4901527066097802,0.6681049819940926,0.06447362529732623,-0.3048619337321522,0.19391167515831295,0.20442241928889876,0.20322804722916063
47,Matt Hasselbeck,28,2003,16,1.31,0.65,1.56,1.23,0.77,-0.27,0.2,0.8,0.73,0.9926455007704499,0.29406188381876164,0.9573949920135185,0.6105873127149419,0.20618460645498918,-0.36207396368944766,-0.10190439623221374,0.39682397874353925,0.3538601359633228
48,Quincy Carter,26,2003,16,1.26,0.1,1.13,0.68,-0.15,0.48,-0.01,-0.19,-0.1,0.5515472443136712,-0.39198638179657513,0.39044769148663955,0.17939504481312868,-0.1447023268663355,-0.18213952761760427,0.005229109637595548,-0.10418315438358053,0.016143691252137174
49,Donovan McNabb,27,2003,16,1.11,0.05,1.07,0.59,-0.2,-0.61,0.39,0.27,0.28,0.39457871594822647,0.3001002148307852,0.35682964679376084,0.4811114256441048,-0.07470337080926528,-0.32251779790971424,0.24852749973694338,0.2517811672976975,0.15053620868126977
50,Drew Bledsoe,31,2003,16,1.07,0.17,0.79,0.22,-0.74,-0.5,0.69,-0.1,-0.34,0.8717737304630064,0.09750686315864544,0.8918002341270939,0.7105815095111353,0.3563254059936846,-0.15543894762014623,-0.24941581392977616,0.32470016182627803,0.38693972762825113
51,Brett Favre,34,2003,16,1.07,1.4,1.18,0.74,1.69,0.65,-0.79,0.89,0.6,0.8414952965721179,0.6963004190554987,0.8725072777758145,0.9406577129099536,0.4138766159179484,-0.046522872425427755,-0.21189316092354793,0.4929650720022122,0.38423037039401753
52,Trent Green,34,2004,16,1.53,1.34,1.84,1.64,0.58,-0.31,-0.64,1.05,1.13,0.8762509385061347,0.6188507035360363,0.9226135016931718,0.9539078135772842,0.49211056219613136,-0.228166898889637,-0.08371113903601088,0.5744859145186011,0.46164829870225554
53,Daunte Culpepper,27,2004,16,1.49,1.77,1.93,1.76,1.79,-0.86,0.1,1.89,1.64,1.4567995077894613,0.6385048606299963,1.503599888696721,1.1688157202803027,0.6088770917276686,-0.5589912306478102,-0.16900739096898523,0.802179757700023,0.6643057970837912
54,Aaron Brooks,28,2004,16,1.45,-0.07,1.29,0.92,0.03,-0.36,-0.12,0.21,0.4,0.8155047608984836,0.38755995824593714,0.7863032219006079,0.5241155612521579,0.27686489078345866,-0.06688325866188959,0.04374161604615332,0.3393515203743948,0.2881688299844166
55,Brett Favre,35,2004,16,1.44,1.0,1.49,1.18,0.97,-0.31,-1.67,0.9,1.07,0.9729117970470621,0.4599731347127143,0.9984686302378458,0.9281440326471451,0.24349116512781765,-0.2203123562873498,-0.3481574502898301,0.46198650428092586,0.4837168957740502
56,Jake Delhomme,29,2004,16,1.4,0.11,1.35,0.99,0.86,-0.46,-0.51,0.63,0.72,0.9589833910536497,-0.016275436937385156,0.8465693298057171,0.6250364987893862,0.061035541632713,-0.07573765611372016,-0.34389878061284623,0.06631119524309484,0.15269638214482958
57,Jake Plummer,30,2004,16,1.34,0.11,1.49,1.18,0.74,0.04,-1.48,0.48,1.0,1.1138879214776527,0.343402777755119,1.144658413641152,0.9730435435786777,0.007092273195942529,-0.19336474776688617,-0.27024797783138943,0.27941647780874557,0.3331263568290804
58,Peyton Manning,28,2004,16,1.21,1.53,1.81,1.61,3.34,-0.86,-1.58,2.43,2.56,1.0486303103377326,0.5411205618851223,1.143874805248643,0.9304666495207132,0.6564560468823447,-0.2396119178332215,-0.7236995995953216,0.6324372113423746,0.729462130701045
59,Joey Harrington,26,2004,16,1.16,-0.22,0.76,0.22,0.03,-0.61,-0.16,0.11,0.13,0.994735342726122,-0.3767619466757182,0.8380835059353915,0.5403958028371822,-0.047598026101579566,0.049156369043295865,-0.17750727011289513,-0.16055939314527096,-0.02153439731476145
60,Tom Brady,27,2004,16,1.08,0.5,1.21,0.82,1.13,-0.36,-0.7,0.91,1.06,1.2025000287149932,0.3806418591895108,1.174590812322026,0.949005133661693,0.14887699790062092,-0.5270148059302371,0.0035314861222463245,0.508145289393007,0.42032696957374677
61,David Carr,25,2004,16,1.04,0.56,1.1,0.67,-0.25,-0.36,0.68,0.43,0.41,0.8493934107281291,0.015352465065866473,0.7208277849949857,0.4722875750036611,-0.11633557736924502,0.1025255520400917,0.0301438543920238,-0.10300210877188865,-0.10201181868345827
62,Kyle Boller,23,2004,16,1.03,-0.29,0.42,-0.23,-0.58,-0.66,-0.12,-0.24,-0.38,0.7059718049531216,-0.2566406336777259,0.605633828297532,0.432484312535552,-0.11922440067336004,-0.22423115777076913,-0.06930813840078597,-0.021042752473227372,0.07335335047237891
63,Drew Bledsoe,32,2004,16,0.95,-0.09,0.68,0.12,0.3,-0.06,0.07,0.06,0.02,0.5623283516124239,0.23543360869883695,0.6882141980601362,0.7650324483611383,0.40864131640510276,-0.22435864739184114,-0.060487391967584965,0.5025802142700535,0.537153404571127
64,Brett Favre,36,2005,16,1.95,0.51,1.62,1.14,-0.17,0.9,-1.04,-0.33,-0.3,0.8289117868557944,0.6060772656827924,0.8891756302358309,0.8474306438853726,0.2822191946037387,0.19578256061060467,-0.18435257332366506,0.3386245421496515,0.2772830459199004
65,Eli Manning,24,2005,16,1.66,-0.97,1.52,1.02,0.5,-0.24,-0.74,-0.0,0.41,0.720917482934302,-0.07222086714996304,0.6192079859839477,0.39244816144168887,0.05561982925559128,-0.3343523400551381,-0.11022932642662339,0.18102810773727104,0.2568872443788483
66,Tom Brady,28,2005,16,1.5,0.8,1.8,1.37,0.91,-0.57,-0.77,1.07,1.16,0.967112055928805,0.61735409935335,1.0491341426073588,0.8133267968932577,0.5271939441149599,-0.35218570307727676,-0.5526300449705939,0.6622873267307492,0.6921312151833798
67,Carson Palmer,26,2005,16,1.37,1.64,1.58,1.1,1.86,-0.71,-1.1,1.64,1.4,1.047407030242616,0.3102083839953127,1.1576706518640532,1.055004764523364,0.5147055207651917,-0.35063816523406366,-0.23241326519072011,0.6148421673005032,0.6798979690950612
68,Trent Green,35,2005,16,1.36,0.72,1.73,1.27,-0.1,-0.98,-0.4,0.93,1.16,1.0939238380301872,0.49415608267790584,1.1151679793455656,0.9973165899295741,0.24810060361376965,-0.1361768853903138,-0.6327366370896245,0.40944551160008175,0.516270989576994
69,Drew Brees,26,2005,16,1.32,1.08,1.37,0.84,0.84,-0.31,-0.64,0.87,0.63,1.1320072222754736,0.5179779443319531,1.249515137961852,1.1019623584689993,0.6138038792488134,-0.3870221443697753,-0.25225737319369207,0.7117182211777737,0.6928337756346371
70,Drew Bledsoe,33,2005,16,1.31,0.3,1.42,0.9,0.71,-0.04,0.51,0.51,0.36,1.3079724982756347,0.676028588421561,1.374196913941781,1.0315631401719005,0.5108412242231082,-0.4740785845736033,-0.25471365241253335,0.773260446689775,0.6440249519048925
71,Jake Plummer,31,2005,16,1.06,0.4,1.2,0.62,0.23,-1.31,-0.8,0.93,1.15,0.9373512762346101,0.11014440808725255,0.9150023170184157,0.7291793989650134,0.24913608984521773,-0.050658311691555595,-0.22392217092027586,0.21969792275715183,0.25639598698716093
72,Peyton Manning,29,2005,16,1.04,1.55,1.51,1.01,1.79,-0.84,-1.1,1.84,1.86,1.1899129665728527,0.7190866617717059,1.244770463290953,1.0425124815423998,0.699303728719588,-0.19903248746897687,-0.8156013017826578,0.6906169952914121,0.7638275070887226
73,Matt Hasselbeck,30,2005,16,1.02,1.24,1.28,0.72,1.18,-0.98,-0.64,1.45,1.33,0.7712953385147766,0.26584191072696617,0.8155819280580087,0.6877902941447583,0.32835332548096363,-0.3629958164445082,-0.0831817238948835,0.44271163391274715,0.4568584628937229
74,Jake Delhomme,30,2005,16,0.93,0.32,1.24,0.68,1.32,0.16,-0.37,0.79,0.88,0.7497399027973304,0.05418144120376674,0.7543355557789095,0.6597065939533373,0.18591642281870535,-0.14677834765209968,-0.22365227405682858,0.21217427075207074,0.28031286243093556
75,David Carr,26,2005,16,0.86,0.37,0.49,-0.26,-0.17,-0.57,2.01,0.08,-0.71,0.5626600939869069,-0.1739831202488739,0.4372039726644045,0.18229206860737585,-0.02339206227056232,-0.10564569547493717,0.18884286726131075,-0.01789442133542389,0.033291747073798915
76,Brett Favre,37,2006,16,1.78,-0.72,1.43,1.17,-0.62,-0.27,-1.25,-0.44,-0.04,1.1980384259205692,0.4869954917771103,1.1795055401077854,0.8366173048735583,0.378793365670862,-0.38946273991622204,-0.3944551259186173,0.5151118005507096,0.49626110890391195
77,Marc Bulger,29,2006,16,1.63,0.93,1.78,1.74,0.17,-1.31,0.34,1.02,0.73,1.0627011371092143,0.9297695375893105,1.1818507925768125,0.9189601584746789,0.7086465058632457,-0.12712126228382942,-0.3991982065484645,0.7676284809748876,0.6785285293362332
78,Peyton Manning,30,2006,16,1.44,1.43,1.86,1.87,1.15,-1.17,-1.54,1.6,1.76,1.0991027097945691,0.4301755318505007,1.0700397527189385,1.0339100023750634,0.0939867067485258,-0.2586900436339057,-0.661049936559057,0.37788286287579465,0.5015766272993388
79,Drew Brees,27,2006,16,1.42,1.26,1.88,1.9,0.56,-0.89,-1.32,1.25,1.53,1.2895597967388635,0.7093833676507366,1.3953476920408532,1.1143499206760696,0.5522975547987666,-0.551068954876446,-0.3151817762566534,0.8656203176917954,0.8229485776906224
80,Eli Manning,25,2006,16,1.23,-0.31,0.89,0.3,0.49,0.08,-0.78,-0.13,-0.19,1.2844313895489736,0.04357518348154307,1.1509696376557066,0.7588678566884914,0.035420564302879494,-0.07400824906697684,-0.6184737533314599,0.04693077276741621,0.17886513788667283
81,Carson Palmer,27,2006,16,1.22,0.79,1.56,1.38,1.02,-0.55,-0.09,1.09,1.0,1.3808482599653358,0.9708964739335727,1.5905770848597585,1.3169859359748206,0.904564489455351,-0.5907718341232313,-0.35499211115261853,1.112922283655081,1.0262672463237499
82,Tom Brady,29,2006,16,1.19,0.67,1.13,0.69,0.56,-0.69,-0.71,0.66,0.53,0.9356384748515714,0.6768377975079864,1.0040115203577764,0.9929206291560536,0.7453221432870525,-0.007090334639771732,-0.32255785072375254,0.602416757748701,0.5373442161855034
83,Chad Pennington,30,2006,16,1.0,1.31,0.98,0.45,-0.23,0.01,-0.35,0.28,0.11,0.8986783101511074,0.6421331618708244,0.9275942064778583,0.7491952976523295,0.41062137959696193,-0.374968491872437,-0.38705290140715964,0.6305317035139375,0.6292350140468246
84,Rex Grossman,26,2006,16,0.97,-1.06,0.85,0.23,0.62,0.64,-0.93,-0.35,-0.04,0.9486847966605503,-0.29816374757532776,0.8284794075454762,0.4817755891835501,0.1790263697173765,-0.16043576567411785,-0.35140177638462755,0.06955968150706211,0.24782106978382643
85,Steve McNair,33,2006,16,0.9,0.95,0.72,0.03,-0.29,-0.48,-1.4,0.27,0.28,1.0115045649070138,0.42985608677164483,0.9499706054597573,0.7023473385379779,0.3494462790943651,-0.2168804849889837,-0.45513512644989684,0.42657769476832824,0.3982979855755894
86,David Carr,27,2006,16,0.74,2.22,0.49,-0.35,-0.88,-0.41,0.63,0.24,-0.47,0.5763232162625116,0.504881568111417,0.5826826208192538,0.5272466964671731,0.11654418528067959,-0.11544567450338228,0.1844946810968144,0.30625846177400173,0.16147442547050225
87,Alex Smith,22,2006,16,0.74,-0.22,0.59,-0.18,-0.16,0.22,0.2,-0.29,-0.32,1.3571016186850502,-0.050966127104983286,1.2946668083547694,1.0237876008094113,0.06002897318654181,-0.3194974438796856,-0.46888900696230773,0.19260864944953177,0.3826376226360736
88,J.P. Losman,25,2006,16,0.66,0.83,0.73,0.04,0.36,0.01,1.14,0.44,-0.06,0.955474780599078,-0.17870565204595307,0.8130644997450855,0.3803948742175557,0.011633648093470159,-0.015622969791437402,-0.07398595557747478,-0.07055161786139072,-0.00780074971034686
89,Michael Vick,26,2006,16,0.41,-1.54,0.24,-0.75,0.89,0.08,1.32,-0.22,-0.45,0.5872657185619327,0.10946755985363722,0.524799858508937,0.35989444211416455,0.1511556910577223,-0.22208390966718106,0.34588541344631846,0.22593479008194559,0.15878083887938876
90,Drew Brees,28,2007,16,2.25,1.4,2.0,1.7,0.28,-0.26,-0.98,0.68,0.62,0.9985525212393985,0.7990005383968366,1.1863085236189579,1.0725689630533448,0.8805367211854804,-0.3713650614394417,-0.7559749020212904,0.8972810145881752,0.949483286176743
91,Tom Brady,30,2007,16,1.83,1.65,2.29,2.1,2.49,-1.01,-0.74,2.32,2.24,0.8724002308711202,0.42673686924996923,0.9521705032418742,0.8233682494615764,0.5107412986137622,-0.18400213151334094,-0.33220297206173394,0.5121809882701794,0.5773141805596567
92,Carson Palmer,28,2007,16,1.81,0.94,1.78,1.39,0.38,0.11,-0.87,0.52,0.66,1.0094145875453817,0.7666637847961743,1.20687772019862,1.1280886477335086,1.1512821879120667,-0.43595741413270334,-0.8334506227852924,0.9984792930369657,1.0432970974170563
93,Matt Hasselbeck,32,2007,16,1.73,0.54,1.65,1.22,0.63,-0.63,-0.3,0.8,0.78,0.6873395118181935,0.31444640581326877,0.7690898668207622,0.640350193017861,0.3818427854273999,-0.4083495775849353,-0.0642083444145066,0.5578144676128164,0.5424534573407362
94,Jon Kitna,35,2007,16,1.73,0.66,1.73,1.33,-0.27,0.16,0.31,0.18,0.14,0.8646593197461416,0.5036466070056644,0.9263401560663127,0.8292225781039445,0.4639994549885303,-0.47905298207802943,-0.5434050838072028,0.6687340032126273,0.7293007435725452
95,Brett Favre,38,2007,16,1.58,1.22,1.8,1.42,0.73,-0.26,-0.92,1.06,1.26,0.8916332625417713,0.507238968307013,0.8413592338403386,0.6701842329173994,-0.16789028328811872,-0.0940248593120081,-0.6858572375396,0.18190740322367915,0.24783014485405885
96,Eli Manning,26,2007,16,1.54,-0.6,1.17,0.56,0.28,0.27,-0.43,-0.23,-0.1,1.1875122725871754,-0.09653417968397172,1.052069892350509,0.6716729202905636,0.17010965730249097,-0.31474734381096436,-0.31213590146874143,0.1919269645126764,0.2909304247686793
97,Tony Romo,27,2007,16,1.49,0.86,1.84,1.47,1.58,0.22,-0.54,1.16,1.25,1.165575900291805,0.8316358980769356,1.30825067057079,1.227824048124029,0.8349439948208672,-0.5088461408339027,-0.2707999978536052,0.9442494435507641,0.8358929455469873
98,Peyton Manning,31,2007,16,1.46,1.03,1.71,1.3,1.13,-0.31,-0.65,1.19,1.32,1.3484587584977241,0.53130969231107,1.3126965083154472,0.9558140523586396,0.4541629306241374,-0.3695698098888102,-0.6894596316556364,0.5755684268027252,0.5182101156812302
99,Jay Cutler,24,2007,16,1.19,0.71,1.29,0.73,0.28,-0.15,-0.3,0.61,0.75,0.8826795651556925,0.2093484412567866,0.8166948914226903,0.5599431858417958,-0.1591401616629272,0.02650469136265074,0.39393286279008394,0.028085127578237855,-0.04559119580043293
100,Philip Rivers,26,2007,16,1.15,0.12,1.03,0.36,0.43,0.0,-0.5,0.27,0.39,1.3370101366719267,0.7242302218383163,1.4413465521467859,1.1943248626859209,0.44950149195078803,-0.3945024284486391,-0.1433716053833415,0.7067765970800055,0.6095965237468246
101,Drew Brees,29,2008,16,1.72,0.94,2.04,2.01,1.19,-0.35,-1.43,1.11,1.22,0.9117260030885935,0.7955274767224775,1.066797102848841,0.9170572610469248,0.8561436838398274,-0.2099391883101204,-0.5704971607366398,0.8026416165600138,0.8073945051431317
102,Jay Cutler,25,2008,16,1.62,0.52,1.66,1.52,0.43,-0.26,-1.5,0.57,0.8,0.9796279162653581,0.47693721257055893,0.9963238147753571,0.84060993576686,0.6244487540118333,-0.34143728248291816,-0.007993262468950154,0.6198923723048634,0.5122629649874139
103,Kurt Warner,37,2008,16,1.53,1.26,1.7,1.57,0.95,-0.51,-0.73,1.15,0.97,1.1462910522301193,0.542898351554857,1.1620579742158963,0.9234306805735455,0.31885047891902535,-0.5307824555018221,-0.3982955609056008,0.6116322196220156,0.6189669276320158
104,Donovan McNabb,32,2008,16,1.39,0.23,1.24,0.96,0.37,-0.68,-0.83,0.59,0.65,0.8794498508126691,0.48525458293011153,0.9646691627610462,0.756963755153839,0.48593088041116145,-0.5305245729741105,-0.15089551053336714,0.7166708003278552,0.6867911820460584
105,Peyton Manning,32,2008,16,1.3,1.21,1.3,1.04,0.89,-0.56,-1.27,1.05,0.92,0.9978974043615678,0.7720833323176337,1.0745810917726673,0.9628293011501398,0.3321943310635492,-0.3835143158755451,-0.753459390506838,0.6986658253466596,0.7525114003298384
106,David Garrard,30,2008,16,1.2,0.57,1.04,0.69,-0.33,-0.47,0.25,0.34,0.21,0.534861358066181,0.6123794337989371,0.6067290282494546,0.558332688188357,0.29023266979201245,-0.5242894224380046,-0.05372170411219947,0.6382051076197833,0.5724252325222754
107,Brett Favre,39,2008,16,1.13,1.05,0.93,0.55,0.49,0.29,-0.35,0.31,0.04,0.9708589231857276,0.24540116669989004,0.9999431467801373,0.9900591748332843,0.5574911509858455,-0.4401546018834106,-0.2710479736864633,0.6062299844550708,0.5941820926098963
108,Jason Campbell,27,2008,16,1.05,0.52,0.77,0.35,-0.45,-0.98,0.16,0.48,0.29,0.71029026551021,0.001570299707103439,0.6746711216121026,0.6420654814494331,0.1727215157418453,-0.12533000894442703,-0.23386130094221222,0.16710027836691072,0.22715556695196318
109,Eli Manning,27,2008,16,0.9,0.21,0.77,0.34,0.6,-0.6,-0.39,0.59,0.53,0.5570276148628123,-0.07320804889830237,0.5286799110920516,0.568502497882709,0.380629284341762,-0.05368662918946583,-0.19343183871898456,0.16853816432380855,0.19519978886386538
110,Philip Rivers,27,2008,16,0.9,0.98,1.31,1.05,2.18,-0.51,-0.48,1.6,1.44,0.996221987598009,0.5614366266128908,1.113460018287726,1.036497284520955,0.3389143395014773,-0.5364231141411587,-0.3713928534421455,0.705333876341493,0.7524327406395379
111,Chad Pennington,32,2008,16,0.89,1.31,1.06,0.72,0.37,-0.85,-0.54,1.17,1.06,0.9085383527704959,0.6862076734120238,1.0375762654537977,0.8791119281070113,0.4551455531778733,-0.45858758262331745,-0.6518679729954063,0.7366966335228187,0.8572959149726662
112,Ben Roethlisberger,26,2008,16,0.85,0.15,0.81,0.4,0.14,-0.14,0.76,0.26,0.18,1.063302531083981,0.5511246387736823,1.1685993449951202,0.8675643389926345,0.7527624757554949,-0.3425178118536158,-0.14109011301632057,0.7197437914239427,0.6796634449503951
113,Jake Delhomme,33,2008,16,0.56,0.07,0.8,0.39,0.14,-0.26,-0.61,0.5,0.85,0.9893891679720141,0.56371762687325,0.8702194762970029,0.6061548704328158,0.09436617335499273,-0.22238323883105268,-0.5901283191083925,0.2947073125664178,0.24289737992556348
114,Matt Schaub,28,2009,16,1.48,1.3,1.74,1.64,0.92,-0.41,-0.7,1.18,1.22,0.9963494875851118,0.9868743497588212,1.0944640427116359,0.9384638036222859,0.2685360990722734,-0.32800988552303423,-0.44055795308227735,0.7354393157851378,0.7101031676891578
115,Peyton Manning,33,2009,16,1.42,1.43,1.57,1.42,1.38,-0.31,-1.4,1.24,1.25,1.1481685874145877,0.9290769153800195,1.2403868996374092,1.1694619960555561,0.5221598733228368,-0.4578876721923526,-0.4257215847244257,0.8729406195171553,0.7473329999345116
116,Tom Brady,32,2009,16,1.39,0.99,1.5,1.33,0.92,-0.56,-1.08,1.06,1.19,1.1064905341787523,0.8342236332492895,1.1957075788603588,0.9533100465627184,0.46856944260458944,-0.2331044177590162,-0.794416733931392,0.7086111379955724,0.7441529698688852
117,Jay Cutler,26,2009,16,1.34,0.26,1.03,0.72,0.86,0.67,-0.17,0.09,-0.01,1.428461285576787,0.7489831413586767,1.6288084518367656,1.2697935816876031,0.8510810413894649,-0.3969478719739133,-0.4658436971216967,0.9169261970861188,0.8616506140244269
118,Tony Romo,29,2009,16,1.31,0.63,1.56,1.4,0.75,-0.92,-0.2,1.13,1.27,1.274560285120782,0.8467101052337659,1.4299892956323035,1.1380259307391756,0.9130136925735375,-0.2466866138064061,-0.6749000495189754,0.8617784823812162,0.8386355754751927
119,Aaron Rodgers,26,2009,16,1.26,0.85,1.53,1.36,1.21,-1.07,0.59,1.41,1.23,1.3398000452184202,0.6501743112142909,1.4569479272578896,1.128369326305435,0.519199118256898,-0.32408903988751464,-0.1372052058016879,0.6853968147979546,0.6164521202213132
120,Brett Favre,40,2009,16,1.21,1.37,1.37,1.17,1.61,-1.07,-0.14,1.61,1.3,-0.22,-0.1,-0.24,0.56,-0.35,0.14,-0.01,-0.23,-0.01
121,David Garrard,31,2009,16,1.13,0.32,0.98,0.66,-0.29,-0.77,0.3,0.42,0.44,0.3749046131074324,0.4080731245892403,0.3880159912684577,0.27101863914172064,0.48458051954799863,-0.3843924139419844,0.1673810382213211,0.529659375952718,0.35836818032537604
122,Eli Manning,28,2009,16,1.1,0.52,1.26,1.02,1.09,-0.31,-0.26,0.9,0.96,0.7338849945967515,0.17108447897709972,0.5743608671317653,0.31150705276723534,0.10352987992968468,-0.02513156086493043,-0.3859759669197567,0.05391391541526694,0.05534701788477903
123,Jason Campbell,28,2009,16,1.09,0.82,0.99,0.68,0.29,-0.2,0.39,0.57,0.35,0.9586804288779319,0.5723774763012286,0.9759441229660237,0.7007163953598368,0.41233730528768536,-0.43788615156827776,-0.14204646339084687,0.6121313900502073,0.5118451637372924
124,Joe Flacco,24,2009,16,1.04,0.63,0.99,0.67,0.46,-0.51,0.06,0.69,0.61,0.6968171891745094,0.1579207825459339,0.6045997903036148,0.4398048199319654,0.01131053998966891,-0.26461348769780857,0.3788569598686407,0.19858647120495065,0.10123554348765401
125,Philip Rivers,28,2009,16,0.98,0.92,1.41,1.21,1.38,-0.77,-0.46,1.47,1.62,1.2155850106149995,0.6157134493292704,1.2753516518548615,1.0961379382651433,0.7474525940233653,-0.2670981023375591,-0.7829360367791272,0.6861127665439573,0.7451094966764511
126,Carson Palmer,30,2009,16,0.87,0.26,0.65,0.24,0.63,-0.31,-0.35,0.43,0.33,1.1906602444783114,0.5575967367888314,1.269546387098377,1.0422556441133481,0.6186417498819234,-0.21077343593532788,-0.5544733450821006,0.6193686236177137,0.7030353260546174
127,Peyton Manning,34,2010,16,1.99,1.24,1.85,1.58,0.58,-0.43,-1.47,0.77,0.63,0.870346757946572,0.9963380365061297,1.0006969650038242,1.1400395648232544,0.6627132887855937,-0.044610736212100044,-0.5266439784192907,0.7199651113840314,0.7011228402898575
128,Drew Brees,31,2010,16,1.89,1.52,1.8,1.51,0.63,-0.15,-1.02,0.72,0.44,1.224003678232775,0.649196671384816,1.2394012223000925,0.910290653453549,0.5379637743785243,-0.32102427377952747,-0.5913920288629315,0.655648639321299,0.5912107007672723
129,Carson Palmer,31,2010,16,1.53,0.57,1.36,0.95,0.32,-0.12,-0.85,0.3,0.25,0.9605910255967022,0.4595282692351847,0.9532616471430844,0.7771994586832276,0.3732027363318463,-0.1460044339736112,-0.38783964792814957,0.41207046200640207,0.37018697183982713
130,Matt Schaub,29,2010,16,1.47,0.84,1.63,1.29,0.21,-0.56,-0.49,0.77,0.74,1.1711736773774828,0.8910945879223038,1.3059723482882228,1.149055070892275,0.7346929603583602,-0.33174258712940385,-0.5454079759607551,0.818634098210802,0.7639835943197998
131,Matt Ryan,25,2010,16,1.46,0.67,1.18,0.72,0.58,-0.73,-0.95,0.72,0.53,0.9194573526513884,0.3978560965004895,1.0001415596719627,0.9850558668442047,0.5649451672302459,-0.5346016691792159,-0.4440256068522239,0.6793966509615277,0.7264760402023164
132,Philip Rivers,29,2010,16,1.31,1.2,1.86,1.59,0.89,-0.46,-0.07,1.25,1.16,1.2085130985668144,0.7953636262715562,1.3732152557251944,1.0742531802124597,1.0386966317567674,-0.11985104826354659,-0.5785266514150977,0.8357596981473111,0.824599762639172
133,Eli Manning,29,2010,16,1.3,0.73,1.38,0.97,1.04,0.3,-1.28,0.44,0.47,0.9881771049362789,-0.1582163694717191,0.8988407757026489,0.5741884441299884,0.16580845742003503,-0.0191181535662399,-0.16602887881373585,0.05064134194829431,0.21362834101951414
134,Mark Sanchez,24,2010,16,1.14,-0.49,0.9,0.36,-0.2,-0.39,-0.56,-0.05,0.18,0.6729244415951612,-0.17822451224056599,0.5530953422952699,0.455091287544722,0.04560173487953233,-0.23958088540373926,-0.0184582187305418,0.06538466827167697,0.10547687369072131
135,Tom Brady,33,2010,16,1.06,1.18,1.31,0.89,1.82,-1.01,-0.66,1.7,1.35,1.11312071952118,0.8347387389523261,1.2209168010416735,0.9895465407718753,0.6722377435212279,-0.3407923096837099,-0.5583319146092092,0.8381087489061537,0.7617371191151825
136,Joe Flacco,25,2010,16,1.05,0.69,1.13,0.65,0.68,-0.6,0.25,0.85,0.59,0.8239703132569486,0.4425360653134982,0.8269334255164963,0.8259824366984445,0.3670690384063811,-0.507045354767312,-0.07411891761092952,0.5634307092498402,0.5501391844339912
137,Josh Freeman,22,2010,16,0.97,0.51,1.01,0.5,0.78,-0.84,-0.4,0.96,0.82,1.5161445344747178,0.011257079045492238,1.3803309814610965,1.020257596780772,-0.01807019057036445,0.07673766658451206,-0.5197650840899103,-0.014243708623844234,0.09768610080579135
138,Matthew Stafford,23,2011,16,1.74,0.79,1.77,1.61,1.16,-0.45,-0.72,1.02,0.92,0.9256784286147166,-0.2165157007792971,0.7559018700818272,0.4509941614970737,-0.056084860757547914,-0.3998997335003559,-0.2878697348174325,0.11850629238244881,0.23525843952169018
139,Drew Brees,32,2011,16,1.71,2.15,2.04,1.98,1.54,-0.6,-1.35,1.78,1.62,1.062280439921114,0.8078365071454268,1.1267484176571396,0.9616716055596479,0.4881429032041305,-0.3887272368764929,-0.9210926021067044,0.7540749831801149,0.8246534801513977
140,Tom Brady,34,2011,16,1.49,1.16,1.89,1.78,1.26,-0.65,-0.79,1.5,1.63,0.9412120597902703,0.9369986598708084,0.9781322994417236,0.994671981080051,0.6367520552524678,-0.09397411027273436,-0.4256899100542789,0.649905962283252,0.5272566974559427
141,Eli Manning,30,2011,16,1.38,0.35,1.7,1.53,0.54,-0.3,-0.98,0.78,1.19,0.7986159747235867,0.20073017488267111,0.8275269278077303,0.6180731436191054,0.06549621484991974,-0.009722473816845288,-0.02867469504922152,0.16011897949553033,0.1597855494636515
142,Philip Rivers,30,2011,16,1.34,0.68,1.51,1.27,0.4,0.05,-0.83,0.54,0.73,1.2526813062730309,0.7187036383768872,1.283218201585529,1.05580447103354,0.6041002085235869,-0.2846795252971779,-0.605090586692877,0.6699394317210241,0.687668939395235
143,Ryan Fitzpatrick,29,2011,16,1.28,0.53,1.0,0.61,0.21,0.35,-1.27,0.0,-0.02,0.4751192087393493,0.48293700916664145,0.4801811173760526,0.28355152650551874,0.03379983752032347,-0.23137425142320178,-0.008258636340121528,0.33139980401266966,0.30350855675711713
144,Matt Ryan,26,2011,16,1.26,0.4,1.22,0.9,0.64,-0.6,-1.01,0.74,0.84,1.3757062338444617,0.4134634365460755,1.3860497348396177,0.9575244323878337,0.5635957851794466,-0.16404843888259804,-0.38336936328721694,0.5085611516061763,0.4932826794857929
145,Mark Sanchez,25,2011,16,1.15,-0.41,0.78,0.31,0.5,0.0,-0.17,-0.05,-0.16,1.2334985182964389,0.055533147665379284,1.0628364178265204,0.6716977275570561,-0.05756577060624726,-0.057504903421573834,-0.5371769244871581,-0.013378488994327115,0.06833719924193646
146,Joe Flacco,26,2011,16,1.14,-0.25,0.86,0.42,-0.03,-0.55,-0.65,0.1,0.21,0.7462800403977122,0.4580682233150208,0.7474300760339738,0.7513206453495548,0.3070229094948115,-0.49197274712579747,0.019312331022557885,0.5607685494028765,0.5133383527100092
147,Tony Romo,31,2011,16,1.04,1.28,1.23,0.9,1.02,-0.7,-0.24,1.32,1.16,1.244352044677282,0.5022607123063229,1.155360854529476,0.8479002757413899,0.3662122141069611,-0.19728938497038084,-0.6287076547189346,0.380520989734322,0.3316420601798619
148,Matt Hasselbeck,36,2011,16,1.02,0.45,0.84,0.39,-0.12,-0.3,-1.35,0.19,0.3,0.6678191155987326,0.7666485949321479,0.7052699197269787,0.6044027110004375,0.41782942512718424,-0.44524320680604984,-0.48199767397844634,0.7171362582739401,0.6548834104725116
149,Alex Smith,27,2011,16,0.66,0.4,0.57,0.04,0.02,-1.09,0.68,0.66,0.45,0.32128461536473085,0.2852612096261201,0.24024154708036208,-0.0066614577183337804,0.14081605782600692,-0.11291037449916043,0.014823914503849345,0.18547047083921903,0.08837283184627956
150,Matthew Stafford,24,2012,16,1.72,-0.11,1.5,1.62,-0.65,-0.55,-0.86,-0.17,0.22,0.9948073951990448,0.2681114622987785,0.9121664686055513,0.7627991993122945,0.2126929619285292,-0.28306988127897303,-0.3798266162383585,0.30965209156712653,0.31718626924821525
151,Drew Brees,33,2012,16,1.44,0.5,1.63,1.83,1.38,-0.07,-0.88,1.0,1.19,1.1902047862313478,0.919679545064563,1.27155956954012,1.0720186982228674,0.7940019395024477,-0.42843754364232833,-0.7020576328643474,0.922751209797046,0.7983245493055541
152,Tony Romo,32,2012,16,1.33,1.0,1.46,1.55,0.2,0.02,-0.44,0.59,0.6,1.1380737446584355,0.8857184912755389,1.2491208021575357,1.110229009413317,0.6475353566899056,-0.29381637596044513,-0.9880086992013177,0.8261441692209476,0.9091842760642097
153,Tom Brady,35,2012,16,1.28,0.5,1.41,1.48,0.76,-1.51,-0.77,1.18,1.41,1.032490189138479,0.6444468505192292,1.0935376087187212,0.9904649624391952,0.3445458331203987,-0.3309103061934893,-0.42352795395520393,0.6286333705724296,0.6228380706349725
154,Matt Ryan,27,2012,16,1.17,1.58,1.34,1.37,0.71,-0.55,-0.69,1.2,1.09,1.0571124565939658,0.6500978905520806,1.274114882628529,1.0969570359775167,0.8242084050674578,-0.42561344070033474,-0.22657770402639676,0.8942350861898934,0.8810011310992727
155,Josh Freeman,24,2012,16,0.9,-1.07,0.92,0.71,0.48,0.12,-0.66,-0.05,0.57,0.7497173300132053,-0.011197091057117817,0.5957069033124389,0.5860456410835244,0.0439918410845214,-0.3832570214481303,-0.22767500561152043,0.16585259061182112,0.20384999814723587
156,Aaron Rodgers,29,2012,16,0.87,1.31,1.06,0.94,1.78,-1.41,0.46,1.84,1.3,1.2799907384927232,0.9677106016065433,1.4705416729699758,1.1852157229231512,0.9255313104571478,-0.3302763321729656,-0.3562541893218937,0.9519048769135372,0.8554454614446799
157,Sam Bradford,25,2012,16,0.86,-0.17,0.68,0.34,-0.08,-0.46,-0.24,0.03,0.1,0.9628113585846068,0.3740782783674372,0.9541476304308816,0.8429382397387537,0.31557690593665433,-0.19284134121899343,-0.08709570022754941,0.39340738733212033,0.3688641103955939
158,Matt Schaub,31,2012,16,0.83,0.75,0.88,0.65,0.03,-0.65,-0.6,0.6,0.69,1.1484488394299304,0.6496547884684094,1.1173948832030476,0.8751244163022438,0.5958184806043272,-0.16098191652146976,-0.45973791352576826,0.5425623863833853,0.405501000288218
159,Eli Manning,31,2012,16,0.79,-0.09,0.84,0.59,0.54,-0.07,-0.97,0.35,0.77,0.851348701559507,0.06253122500947267,0.7630246745064713,0.6021655056392403,0.14766039909128253,-0.26272536683121295,-0.28422105017805477,0.21794725461840864,0.2296109314568517
160,Joe Flacco,27,2012,16,0.77,-0.13,0.76,0.46,0.09,-0.94,-0.18,0.39,0.59,0.7391196978830064,0.28632020620634246,0.7225061930084481,0.63587536886956,0.09720364540629323,-0.4794780324052752,0.16605651191834161,0.41243740541535884,0.3431804583519885
161,Andy Dalton,25,2012,16,0.75,0.37,0.66,0.31,0.65,0.12,0.32,0.37,0.13,1.0077935436149155,0.5127693918196943,0.9475837365118085,0.8096253042020806,0.5290821308046303,-0.5789758962397181,-0.5701973967161943,0.6276861765426386,0.5975285685760682
162,Philip Rivers,31,2012,16,0.75,0.71,0.62,0.25,0.54,-0.07,0.46,0.45,-0.03,1.1925943762674331,0.611821154917008,1.1393958786242613,0.8193885894574302,0.5343274848267866,-0.2600610206343261,-0.5765741212115545,0.5382730097668406,0.44920939944617944
163,Ryan Fitzpatrick,30,2012,16,0.64,0.04,0.49,0.04,0.48,0.31,-0.35,0.08,0.08,1.0333263741292167,0.45264201818169664,1.0739557381619858,0.9124023557634631,0.269683477287666,-0.10620406604295833,-0.6654594288025779,0.3984063426930575,0.5016314837427158
164,Cam Newton,23,2012,16,0.54,-0.51,0.79,0.51,-0.03,-0.36,0.01,0.28,0.82,1.2378315543325527,0.3013646127412029,1.124836003468498,0.8409420716924396,0.24240897654660018,-0.2185059853836614,-0.6194810948800685,0.3360690383920278,0.4087843434464629
165,Christian Ponder,24,2012,16,0.53,0.33,0.19,-0.43,-0.14,-0.36,-0.18,-0.07,-0.36,0.5806448114561403,-0.2710468292596583,0.42227863323325837,0.22328756292391214,-0.1704472013161145,-0.1601759744545806,0.29957294215086083,-0.10005586054041476,-0.11931254752115165
166,Peyton Manning,37,2013,16,1.56,1.59,2.05,2.31,2.61,-1.1,-1.55,2.09,2.16,1.1523645667046054,0.5426470468611285,1.1257646170271236,0.8850593429172391,0.33283350063904343,-0.5041764064287955,-0.5503752683723938,0.5852679100834061,0.6015079089021277
167,Matt Ryan,28,2013,16,1.52,1.41,1.37,1.2,-0.04,-0.28,-0.17,0.43,0.04,1.4844274367579917,0.8628419864497557,1.5868910605772952,1.3361717362724128,0.8858131460234013,-0.3600465891018828,-0.8573429414086303,0.8915388192770737,0.9700911952178043
168,Drew Brees,34,2013,16,1.52,1.65,1.82,1.95,1.19,-0.88,-0.51,1.41,1.25,1.0878927415517416,0.9485120258101045,1.1819616172392706,1.121534565223304,0.8429985585099057,-0.11989307001956459,-0.6556764435213887,0.788069862754827,0.7453153153477734
169,Matthew Stafford,25,2013,16,1.43,-0.4,1.46,1.35,0.33,0.02,-1.24,0.08,0.5,1.0415826336247966,0.6626442496509402,1.0660899559590937,0.9705962187224407,0.9725660234366723,-0.6402066162346178,-0.5679829694396392,0.9109081933865071,0.8081777623197051
170,Tom Brady,36,2013,16,1.4,0.01,1.25,0.99,-0.04,-0.88,-0.28,0.28,0.32,0.8774591575821252,0.7090947321302175,0.9049767145311485,0.7873444207383038,0.21951401822190048,0.19474975259783195,-0.17664054503683074,0.30805277313936935,0.2296798575637636
171,Joe Flacco,28,2013,16,1.33,-0.3,0.95,0.49,-0.6,0.47,0.21,-0.65,-0.78,1.1051181297140191,0.5477148101942515,1.1190265120819596,0.8052625499110027,0.5072264048824409,-0.5766028480216047,-0.07230173631647246,0.7348085049134501,0.656657901252432
172,Ryan Tannehill,25,2013,16,1.19,-0.01,0.95,0.49,0.02,-0.05,0.87,-0.09,-0.44,1.0300582207634472,-0.03450180303764501,0.8963571773458878,0.5137218868243533,0.036935056210295907,-0.010063933840579128,-0.12361709569915977,0.01867350525413137,0.05830602386253457
173,Andy Dalton,26,2013,16,1.18,0.29,1.21,0.94,0.94,0.32,-0.78,0.38,0.43,0.812118047586344,0.2990714795711098,0.7644334272964035,0.6638953195343744,0.3705946377289141,-0.323131537616308,-0.25794820751270775,0.4195648914541948,0.41455047930461825
174,Ben Roethlisberger,31,2013,16,1.17,0.76,1.19,0.9,0.45,-0.43,-0.02,0.58,0.39,0.9655121846359704,0.2733377189533542,0.8457491015208274,0.611648556911147,0.2984198675126102,-0.14765685080083654,0.07182926036964582,0.2731513456624802,0.11241071192527526
175,Carson Palmer,34,2013,16,1.11,0.57,1.2,0.91,0.08,0.62,-0.02,0.06,0.01,0.6019641882120175,0.5088781499644505,0.5898045808949907,0.6292261378897812,0.3370979219311181,0.15579526936822552,-0.2687760196790497,0.2830159166431048,0.2258212978000947
176,Andrew Luck,24,2013,16,1.1,-0.05,0.88,0.39,-0.04,-1.03,-0.55,0.26,0.27,0.8124179364690614,-0.04557413991835407,0.667597302671693,0.5219856900614522,0.038597511941892045,-0.42788407860116506,-0.24314571570277965,0.18693037746402696,0.2526392999164586
177,Eli Manning,32,2013,16,1.0,-0.6,0.88,0.38,-0.48,1.45,-0.05,-0.89,-0.74,0.6419414080794269,0.05997382876797187,0.6332253251346137,0.4969730080447089,-0.012214311595472338,-0.11668229771130917,-0.40932179017958104,0.14788162430236507,0.2764680548835492
178,Philip Rivers,32,2013,16,0.96,1.83,1.34,1.15,1.13,-0.73,-0.59,1.46,1.44,1.1310651181340674,0.9076432391726774,1.304843209819109,1.2051354405340886,0.57779388760717,-0.05090614313653012,-0.8580181163272124,0.7520502048734119,0.8563563398650952
179,Cam Newton,24,2013,16,0.59,0.25,0.57,-0.13,0.63,-0.2,0.6,0.38,0.02,0.8405332098411589,-0.08084300985380541,0.7361512931376893,0.6434850771347488,0.06906390486661393,-0.3161919746438868,-0.11949282188760008,0.15630069784596007,0.24884009235900473
180,Colin Kaepernick,26,2013,16,0.3,-0.42,0.44,-0.34,0.57,-0.8,0.71,0.56,0.67,0.7079982364724391,0.08087083212789317,0.6260880889438228,0.39313683485650225,0.20635337021247052,-0.18125051954885069,-0.3596511690898879,0.21116513259705916,0.30872874124620037
181,Russell Wilson,25,2013,16,0.25,0.53,0.56,-0.15,1.44,-0.58,1.17,1.18,0.97,1.2063172401841702,0.5596210233670196,1.279600364570695,0.9656625723087098,0.7236009865218882,-0.35277274915784357,-0.30233876592271186,0.7773433427728762,0.7302692234204411
182,Drew Brees,35,2014,16,1.58,1.59,1.65,1.48,0.57,-0.07,-0.87,0.9,0.74,1.1106858824251584,0.6425640741074222,1.188173945269204,1.0814359480038933,0.4128486949069472,-0.5088803806111851,-0.5240113668332825,0.7135080504590416,0.749884054809226
183,Matt Ryan,29,2014,16,1.43,0.99,1.48,1.25,0.27,-0.39,-0.71,0.68,0.7,1.0800743612120685,0.8393336317940103,1.2149693103126977,1.1411111454585445,0.687079696910077,-0.2827703992912071,-0.663872886765607,0.7782002553389623,0.755058850662872
184,Andrew Luck,25,2014,16,1.37,0.13,1.53,1.31,1.46,-0.07,-0.87,0.86,1.1,1.2053656070349337,0.21044556186791874,1.0624971400658132,0.7763397474309556,0.32157367913284957,-0.1500109382281197,-0.5158941119218982,0.21726200256493478,0.20828347291333982
185,Ben Roethlisberger,32,2014,16,1.33,1.18,1.65,1.48,0.75,-0.97,-0.59,1.34,1.47,1.0860587718372812,0.6227238792907243,1.1924243915424002,0.8768528880857206,0.3769887491699485,-0.387871984195848,-0.3160853697031203,0.6605058237276596,0.680676437749011
186,Matthew Stafford,26,2014,16,1.3,-0.15,1.2,0.85,-0.2,-0.56,-0.02,0.09,0.23,1.289413865073872,0.039992779310297426,1.3301445252115152,1.0255888176455823,0.4716512078315087,-0.22781004415414333,-0.36656357031495235,0.40931249594711727,0.5369075597461618
187,Eli Manning,33,2014,16,1.3,0.4,1.3,0.99,0.57,-0.31,-0.77,0.55,0.67,1.1128730482033615,0.2883718397634744,1.1203937830749764,0.7821094046601694,0.1795000040357319,-0.40869479362748223,-0.3635348460284563,0.44813282008177796,0.4605574126405673
188,Peyton Manning,38,2014,16,1.28,1.01,1.5,1.27,1.46,-0.15,-1.29,1.21,1.37,0.9834144879110398,0.6749453262636851,0.9698315964455995,0.9178841226661406,0.07073422172480465,-0.28630113026894505,-0.7178344985356824,0.44777937075615504,0.5115723796007666
189,Ryan Tannehill,26,2014,16,1.24,1.04,1.06,0.66,0.33,-0.56,0.05,0.6,0.09,0.5301786749569432,-0.12799914310326005,0.3698581770941771,0.07943612199761933,-0.06845680553858922,-0.10290212574965685,0.4462904127470209,-0.056915185774346,-0.11188121461494456
190,Tom Brady,37,2014,16,1.2,0.6,1.1,0.72,0.99,-0.97,-1.08,0.92,0.91,1.1551024553677676,0.6794268567014191,1.1982490033531947,1.0090608442122129,0.6167265757798082,-0.644387597652787,-0.6823917958776301,0.8098728401411202,0.8352853566782351
191,Philip Rivers,33,2014,16,1.15,1.06,1.21,0.88,0.81,0.43,-0.35,0.67,0.52,1.096606140031239,0.7832853480502247,1.17295957007298,0.910826153827296,0.8561780915222285,-0.47726273666147845,-0.48874783076165734,0.8802315309411584,0.76389949795497
192,Joe Flacco,29,2014,16,1.07,0.21,1.02,0.61,0.51,-0.39,-1.14,0.47,0.67,0.41347308829397983,0.14671838730290207,0.4108223958735563,0.45946947044961706,0.3254689630265779,-0.18715681228396291,-0.021918259181703474,0.3185117595343988,0.3223146234689268
193,Aaron Rodgers,31,2014,16,0.9,0.89,1.28,0.96,1.94,-1.38,-0.59,1.97,2.04,1.2568760337735478,0.8262616128556202,1.2554737836647822,0.8943406861336284,0.6938607153955437,-0.22487870778781313,-0.3526637855276047,0.6986649585163085,0.5049304285130161
194,Andy Dalton,27,2014,16,0.71,0.62,0.63,0.08,-0.03,0.67,-0.87,-0.06,0.04,0.81382059722652,0.36899286500791134,0.8824873750660271,0.8623777919720924,0.5167259276210846,-0.5042303369290009,-0.17037811140290435,0.5982766178536818,0.5826492086802587
195,Colin Kaepernick,27,2014,16,0.7,-0.11,0.62,0.05,-0.03,-0.48,0.84,0.14,-0.08,0.7545531173323776,0.36659081929965054,0.7484528543345245,0.5873830444419103,0.14419973045866372,-0.34826136955212716,0.2068064196727271,0.4154377119985016,0.3372759343034169
196,Russell Wilson,26,2014,16,0.57,0.4,0.68,0.15,0.21,-0.97,0.44,0.75,0.71,0.8378603360396417,0.3941019658897059,0.8406080688080179,0.4796809626208755,0.41646244121575593,-0.27449032629958425,-0.0016616732310972826,0.47498317826086256,0.4412339026128116
197,Philip Rivers,34,2015,16,1.51,0.7,1.42,1.15,0.09,-0.55,-0.22,0.63,0.43,0.8978960064801544,1.070991363484492,1.0711504568471686,0.9114759723598935,1.1017992977541757,-0.12228315264417235,-0.1801122026428814,1.0263305785138275,0.8302178400745686
198,Tom Brady,38,2015,16,1.33,0.36,1.41,1.13,1.07,-1.23,-0.22,1.41,1.34,1.0277714974185626,0.7557935504687403,1.064357293686177,0.978605326119264,0.1868206428960106,-0.31334326552925806,-0.6953116294820968,0.5689721982963875,0.6382133215154728
199,Eli Manning,34,2015,16,1.3,-0.0,1.19,0.82,1.0,-0.32,-0.88,0.62,0.69,0.9578820792337706,0.35387734751892597,0.9181922074703666,1.0573112026623102,0.036326954414276184,-0.07722762436160098,-0.19021185223237608,0.18934581446554175,0.2055126434966239
200,Matt Ryan,30,2015,16,1.28,0.74,1.29,0.96,-0.61,-0.09,-0.66,0.19,0.34,0.8367342149002375,0.8135495006845543,1.010994305253275,0.9181202557570032,1.0224074024142007,-0.4380914762448645,-0.5989943586995324,1.012800071269554,1.0476680103293694
201,Blake Bortles,23,2015,16,1.24,-0.81,1.19,0.82,1.07,0.21,0.7,0.12,0.11,0.7008531027714385,-0.10104344865546838,0.5335304196429017,0.2549811593400241,-0.10157250081559198,-0.3840251543808624,-0.12415640381805762,0.06047747993484556,0.05509284412700327
202,Matthew Stafford,27,2015,16,1.18,0.92,1.08,0.67,0.79,-0.4,0.3,0.93,0.38,0.9360540625205059,0.07323343288742473,0.9661229796049007,0.9061628797060967,0.11080627845389998,-0.20384412095383597,0.2157463895048511,0.26648855614314515,0.3134642047253719
203,Ryan Tannehill,27,2015,16,1.15,-0.14,1.05,0.62,-0.12,-0.55,0.39,0.16,-0.04,0.5038333383323202,0.5257992941781565,0.46823822170729795,0.4134194858790235,0.03315152545880437,-0.014783971481104743,0.3818648966359065,0.1825437945556411,-0.03173337641823993
204,Derek Carr,24,2015,16,1.08,-0.31,0.91,0.42,0.93,-0.32,-0.49,0.38,0.31,0.8066376081290433,-0.027980324369091154,0.635469232259295,0.6244864802151814,0.025065834307039618,-0.3859964708485582,-0.19842555300076736,0.13841732258467104,0.1473002205148723
205,Aaron Rodgers,32,2015,16,1.08,-0.39,0.8,0.27,0.79,-1.0,0.52,0.53,0.12,1.187962505446916,1.0994335791078422,1.349762895532151,1.1610278005975663,0.6844964554367031,-0.4142684917531409,-0.6771854413840326,0.9618536853998583,0.9744258536466308
206,Ryan Fitzpatrick,33,2015,16,1.03,-0.61,0.85,0.35,0.86,-0.02,-1.27,0.1,0.44,0.7599782388919699,0.4394285886393101,0.8156630713616775,0.6741348546090414,0.2194623500142624,-0.22749623747386646,-0.17248095866255184,0.448153297719902,0.42695156334303624
207,Kirk Cousins,27,2015,16,0.94,1.44,1.02,0.58,0.72,-0.55,-0.7,1.35,1.04,0.5479372644699818,-0.08441927996835422,0.5174312938773062,0.35240673773360937,0.4280092920019169,-0.23637816816717264,-0.21714824779442632,0.29530991175471066,0.3515622452937736
208,Carson Palmer,36,2015,16,0.91,0.22,1.35,1.04,1.56,-0.55,-0.79,1.63,2.16,0.8279171608030669,0.6820212058486582,0.820491404036106,0.7522908300991454,0.40129782021493304,0.1691869399028351,-0.47744780440647844,0.4072021300294444,0.35526674982877043
209,Cam Newton,26,2015,16,0.7,-0.57,0.81,0.29,1.98,-0.55,0.04,1.15,1.09,0.5396045594955708,-0.02628642797652872,0.5535979773369634,0.5886594339786172,0.4801417335631881,-0.21088581171981588,0.06894647573915211,0.34691467594885234,0.3849921896121456
210,Russell Wilson,27,2015,16,0.64,1.1,0.93,0.45,1.91,-0.78,1.0,2.14,1.56,1.051946480836553,0.3244215147608289,1.055304330362926,0.7547738998463126,0.5198128695995352,-0.5499275394566122,0.188072473477092,0.6253066170330113,0.5121416334683866
211,Alex Smith,31,2015,16,0.58,0.54,0.58,-0.03,0.02,-0.93,1.09,0.78,0.46,0.48344479345696256,0.4696137028297651,0.48590134027091136,0.43053029342176824,0.504622134079106,-0.371651391944524,-0.12452430131897155,0.5713400521655778,0.4955914830255292
212,Teddy Bridgewater,23,2015,16,0.46,0.54,0.42,-0.26,-0.82,-0.55,1.22,0.16,-0.23,0.9924516864877235,0.103979728743013,0.8994155374834838,0.6333536491060422,0.14347467880784437,-0.3249605679758577,-0.39422346305483047,0.29588820007467265,0.39389152120732496
213,Drew Brees,37,2016,16,1.49,1.44,1.67,1.6,0.87,-0.13,-0.71,1.09,0.95,1.2322649198122708,0.7285068161384506,1.2813835834879195,1.1207726461327137,0.8129790349452819,-0.7155843530439855,-0.8441948643169704,0.908507439352921,0.938229724218042
214,Joe Flacco,31,2016,16,1.49,0.59,1.14,0.91,-0.45,-0.13,-0.47,-0.08,-0.27,0.6740427164681771,0.03674039977841989,0.6083346611736498,0.6022943512001949,0.3000555655866881,-0.1377878199706421,-0.17891716492003562,0.21136620287648597,0.24704771763887695
215,Blake Bortles,24,2016,16,1.28,-0.41,0.9,0.58,-0.08,0.08,-0.31,-0.39,-0.37,0.7505147576346137,-0.1568234695560191,0.5620881026547081,0.28673603803086667,-0.12307120565782836,-0.4207392270353295,0.22217928567337097,0.026530301894580336,-0.0283830606486851
216,Aaron Rodgers,33,2016,16,1.21,0.73,1.21,0.99,1.45,-0.69,-0.25,1.25,0.93,1.0185206861252964,1.1377408305858503,1.234061994468816,1.0989896711017113,1.1420614009753558,-0.343941016057242,-0.4817657619212143,1.190150815292045,1.020142989831296
217,Kirk Cousins,28,2016,16,1.19,0.94,1.5,1.37,0.13,-0.23,-0.78,0.8,1.06,1.188788915271554,0.8910086952437658,1.2760042172801747,1.102191530943306,0.4928966838777088,-0.3388272397520223,-0.584681649971955,0.7962526243287844,0.8432196604631219
218,Eli Manning,35,2016,16,1.16,0.27,0.97,0.68,0.23,0.13,-0.87,0.08,0.1,0.9840234393982095,0.5150761413485843,1.0231678693199244,0.9672547486865608,0.24053282799082656,-0.22571336086383892,-0.5380742531631528,0.46697663728513217,0.5550145645648699
219,Matthew Stafford,28,2016,16,1.14,0.66,1.15,0.91,0.08,-0.38,-0.09,0.55,0.49,0.944949923012595,0.17621880420364316,0.8181286239661133,0.563660355173552,0.1040728954003941,-0.041043628836944804,-0.1416396303720941,0.1621143537735345,0.2018893410942685
220,Philip Rivers,35,2016,16,1.07,-0.16,1.18,0.96,0.97,0.59,-0.09,0.2,0.37,1.1423333739387846,0.6001242271176327,1.1995268558862664,1.0643099756999095,0.3901552557780519,-0.4058357714731586,-0.5039165788700645,0.6437365036917819,0.6717556834343626
221,Jameis Winston,22,2016,16,1.02,-0.09,1.01,0.73,0.55,0.39,-0.12,0.08,0.11,1.6336101297252295,0.22637206362238788,1.5193110114725041,1.1905743381270204,0.19850153981607088,-0.04798672498147043,-0.6931343208701926,0.23322924594574765,0.28495999875702227
222,Andy Dalton,29,2016,16,1.01,0.56,1.07,0.82,-0.35,-0.54,0.19,0.45,0.47,0.8971287398664215,0.11091235735990332,0.8406067473895674,0.5987942802165492,0.3418434344093968,-0.021524960008156714,-0.3475789301350556,0.2066051436649355,0.25673690656755743
223,Russell Wilson,28,2016,16,0.93,0.56,1.08,0.83,-0.03,-0.23,0.25,0.5,0.49,0.534437371037867,0.744092263315635,0.680441798884245,0.7521928973542011,0.5489543901442644,-0.693473817935914,0.1679026112515739,0.9139219021017924,0.7798852421028537
224,Matt Ryan,31,2016,16,0.88,1.43,1.51,1.4,1.71,-0.59,0.09,2.09,2.08,0.8686217328644869,0.6758737813679556,0.8712439140926943,0.7677978825411935,0.23095211488269354,-0.20471145158059337,-0.484647887036256,0.45090206694861706,0.3879587026201508
225,Tom Brady,40,2017,16,1.37,0.84,1.62,1.38,0.92,-0.76,-0.48,1.24,1.28,0.3067701057037625,0.4458976117972131,0.3435978956412685,0.6399789498415096,0.41431500302729596,-0.5371533214979269,-0.09695990593062338,0.5227088129812386,0.4721032341551594
226,Philip Rivers,36,2017,16,1.34,0.23,1.57,1.32,0.58,-0.61,-1.33,0.83,1.3,0.7873043139971929,0.46493735522887325,0.7979455016498485,0.7733463281744075,0.28307152025768967,0.43278273533159795,-0.09352570814748827,0.21431523750759637,0.15353628603065278
227,Matthew Stafford,29,2017,16,1.28,0.74,1.53,1.25,0.69,-0.56,0.14,1.03,0.95,0.770038753223317,0.1766951102927867,0.7574527490820416,0.6305757148484479,0.4393545929812046,0.04748169761473927,-0.12108433279438383,0.28501785699962956,0.2861486774967189
228,Russell Wilson,29,2017,16,1.22,0.02,1.21,0.78,1.27,-0.46,-0.01,0.79,0.62,0.7966018843184047,0.6747879418446765,0.8438440654055416,0.8061330841830863,0.25912938397932156,-0.35340631952055285,-0.21278417888858925,0.5512010944049657,0.46074270097482745
229,Joe Flacco,32,2017,16,1.2,0.48,0.64,-0.07,-0.34,-0.26,-0.8,-0.13,-0.4,0.4225203673587036,-0.12485494920450321,0.3889864724681875,0.3655581254272714,0.06278012587013981,-0.06818519959420395,-0.23962342095155326,0.035269676594457997,0.13639643846177418
230,Kirk Cousins,29,2017,16,1.16,0.51,1.29,0.89,0.64,-0.26,-0.05,0.7,0.58,1.0683158517049576,0.7767648687402633,1.1796581336660548,1.091224601327303,0.5104501853385084,-0.39230337438384,-0.609456625580746,0.7292205835513359,0.737906948932127
231,Drew Brees,38,2017,16,1.14,1.77,1.45,1.14,0.23,-0.71,-1.14,1.31,1.36,1.118405996994017,0.7040686424819406,1.146729118655972,1.037224148670671,0.33570274869168804,-0.38398423311415586,-0.7260951763568969,0.6550431588893542,0.7158206343516351
232,Matt Ryan,32,2017,16,1.1,0.57,1.29,0.89,-0.05,-0.31,-0.92,0.54,0.87,0.7031106068050259,0.795282836514641,0.8012061546525189,0.9356352502353245,0.29914977307827706,0.060000896447410065,-0.8739177402552695,0.4752187825092366,0.5595102739166299
233,Blake Bortles,25,2017,16,1.07,-0.16,1.01,0.48,0.06,-0.2,-0.89,0.13,0.48,0.8850790786978141,0.05675686200263619,0.760322805450617,0.46342447567592254,-0.24002859260837303,0.08124831038749789,0.06641969163249915,-0.11412899794211617,-0.08540825765297833
234,Andy Dalton,30,2017,16,0.94,-0.21,0.77,0.11,0.64,-0.26,0.02,0.25,0.15,0.7830774937180488,0.32155125726257605,0.8987503579622598,0.8694794546310392,0.5911724659550616,-0.09174915052352506,-0.5746422842408,0.47412489051451373,0.5664413553936904
235,Cam Newton,28,2017,16,0.92,-0.34,0.75,0.09,0.35,0.2,-0.2,-0.11,-0.07,0.8845266902721745,0.20569980676800076,0.8865581174953038,0.6148620763646641,0.4488137872133651,-0.10148861296812715,-0.14329435025501824,0.38345440916793283,0.4307522386798924
236,Dak Prescott,24,2017,16,0.91,0.28,0.77,0.12,0.35,-0.1,-0.36,0.25,0.21,0.9887766884115142,0.36486450646914365,0.9433308903923813,0.6909578760562858,0.1828252655502643,-0.029856475407768063,-0.021956690352621645,0.23887103783865798,0.18522789981823268
237,Ben Roethlisberger,36,2018,16,1.71,0.72,1.7,1.48,0.37,-0.27,-1.25,0.53,0.66,0.6609811716366081,0.4528938619472859,0.7078125431775768,0.697245407205269,0.3005152618702654,0.2245550298461029,-0.3165725113589236,0.2919766274352664,0.30723582262655064
238,Matt Ryan,33,2018,16,1.39,1.19,1.57,1.31,0.8,-0.97,-0.26,1.15,0.98,1.1289169471235805,0.6111056369579274,1.0439598125902083,0.7542310001302736,0.2644503083105361,-0.3143703569857302,-0.5351819793941729,0.466346694597195,0.40760726208447845
239,Kirk Cousins,30,2018,16,1.38,1.32,1.18,0.8,0.37,-0.68,-0.35,0.7,0.39,0.8686939509861537,0.6901074350887839,0.9479642225874391,0.7909932121424845,0.6666491609246676,-0.35888621255501707,-0.5527242961908322,0.7560318961573835,0.7906661373989992
240,Aaron Rodgers,35,2018,16,1.33,-0.2,1.27,0.91,-0.06,-1.49,0.1,0.59,0.62,1.120325537669756,0.69141117903957,1.2110150038024232,1.0599540841621724,0.5570368229504297,-0.5109761309555055,-0.35127064569176764,0.8298859050271106,0.7915761238092277
241,Case Keenum,30,2018,16,1.28,-0.2,0.93,0.46,-0.65,-0.15,-0.58,-0.29,-0.14,0.8960763552346552,0.6261119165177618,0.9139769878762579,0.7986238678579383,0.016932004157339118,-0.29807317315541165,-0.3041532383793509,0.39766081907025436,0.3640461555654626
242,Patrick Mahomes,23,2018,16,1.25,0.52,1.68,1.45,2.31,-0.44,-0.96,1.46,1.55,1.1050160320845073,0.022432062767648836,1.0665639193544196,0.7810935410523001,0.0015908564454395618,-0.2785316604625298,-0.18333919332359344,0.24596770638515308,0.368330156298615
243,Eli Manning,37,2018,16,1.23,0.52,1.18,0.8,-0.38,-0.56,0.07,0.31,0.26,1.1076916107835038,0.2197295577310238,1.0460263275833448,0.7241895229438555,0.3048789340740197,-0.18438915939465372,-0.4563075535436714,0.3062275514006939,0.3960252071852883
244,Tom Brady,41,2018,16,1.2,0.49,1.22,0.84,0.43,-0.56,-1.19,0.59,0.76,0.9347100395364798,0.43225656976326254,0.91107756201874,0.6888400136103374,-0.004244858692272764,0.17881926877146317,-0.4485893519682499,0.04845825032036521,0.16165990751114237
245,Jared Goff,24,2018,16,1.16,0.31,1.42,1.11,0.75,-0.44,-0.54,0.78,0.97,0.6680541839151674,-0.08980114735693079,0.5866421581090597,0.26509436981408707,-0.050049252882538614,-0.13595362528960495,0.3577301144730425,0.02819166826265287,0.03669495593084593
246,Matthew Stafford,30,2018,16,1.13,0.54,0.86,0.37,-0.27,-0.5,-0.19,0.18,0.05,0.6138853808534044,0.11116190979052949,0.6352010058214499,0.46720758933561896,0.2654656135017915,-0.09782767920626034,-0.043009752069027594,0.2285804251299895,0.2431791260537742
247,Derek Carr,27,2018,16,1.12,1.09,1.03,0.59,-0.49,-0.62,0.35,0.39,0.2,0.7591977474868092,0.3236735833138543,0.7324928456200956,0.7150841716833385,0.22818273895268099,-0.24511221677456746,-0.3024027413236183,0.37880341901305403,0.3811312326005929
248,Dak Prescott,25,2018,16,0.99,0.86,0.93,0.46,-0.06,-0.79,0.74,0.55,0.26,1.1286092012486462,0.39408102722332466,1.1134960812994832,0.9203534891869479,0.5830428258808104,-0.4558903257679191,-0.3162866026347514,0.6156601618351063,0.5585332433604653
249,Philip Rivers,37,2018,16,0.9,0.97,1.19,0.81,1.07,-0.27,-0.45,1.01,1.02,1.1689491042390814,0.3827455621099608,1.1195324999903613,0.8354659488133,0.23522752098283523,-0.4601420854204399,-0.414496193527278,0.4490912424472105,0.45019444019878946
250,Deshaun Watson,23,2018,16,0.88,0.97,1.1,0.69,0.43,-0.62,1.16,0.88,0.58,0.8827236764924947,0.3938587086239639,1.0207620202926655,0.8614253388296043,0.7237418887220856,-0.2234891450045644,-0.4172916017511462,0.6912819962580912,0.8187320856708937
251,Russell Wilson,30,2018,16,0.5,0.45,0.66,0.1,2.09,-0.73,1.09,1.3,0.77,0.7686553237137115,0.5961279445221089,0.8085722441860065,0.9117488900767484,0.6404243610732866,-0.3812957657681151,-0.4361163629085751,0.685946416107002,0.6675990054304798
252,Jared Goff,25,2019,16,1.51,0.16,1.52,1.19,-0.1,0.02,-1.07,0.14,0.51,0.9612611351686372,0.2943948885866469,0.9238922890696851,0.6868846864485848,0.23689194603900557,-0.24658465463603016,-0.22069471396463994,0.3374306474945893,0.32565743736811437
253,Jameis Winston,25,2019,16,1.51,-0.21,1.81,1.58,0.78,1.29,-0.2,0.02,0.37,0.6631862614398578,0.2100710386765081,0.705041176839001,0.6688484256317901,0.46211546478953464,-0.37740327769398546,-0.3374554330976411,0.47792500063418675,0.5380704431734734
254,Tom Brady,42,2019,16,1.45,-0.19,1.16,0.72,0.1,-0.73,-0.87,0.23,0.41,0.08,0.1,-0.04,0.04,0.12,-0.17,0.08,0.03,-0.18
255,Carson Wentz,27,2019,16,1.43,0.33,1.14,0.7,0.34,-0.79,-0.51,0.51,0.42,0.8736800409021389,0.552329338268004,0.9787099245180154,0.8600081107833165,0.5923629551287356,-0.552891210371041,-0.26049231394261324,0.7575255199716001,0.752444719875083
256,Dak Prescott,26,2019,16,1.37,0.53,1.68,1.41,0.63,-0.44,-0.99,0.88,1.18,0.9885460740639701,0.24489029826877906,0.8989904291783923,0.6085493053485567,0.16344010178210316,-0.4040698281595254,-0.3272930275315846,0.3285676018766037,0.3587011377210981
257,Philip Rivers,38,2019,16,1.35,0.68,1.5,1.17,0.1,0.48,-0.59,0.25,0.45,1.1004680400451692,0.884616614563589,1.1434107837335246,0.9368172802768577,0.20445606369397162,-0.535650931518589,-0.5074383705387054,0.7527173704709911,0.7292825871297938
258,Aaron Rodgers,36,2019,16,1.25,0.01,1.12,0.67,0.44,-1.08,-0.44,0.64,0.63,0.8996576241464507,0.6190560287319674,0.9429163036116401,0.8202997922405737,0.24566372420822763,-0.050212325148008594,-0.1742595759942237,0.38994493046458406,0.30656562834727696
259,Baker Mayfield,24,2019,16,1.08,-0.43,1.01,0.53,0.19,0.77,-0.2,-0.28,-0.05,0.978583525442021,0.08317633252382557,0.9427966673385334,0.8342640498616635,0.22428315968323523,-0.16896702055886204,-0.5309084353543545,0.2231119373991935,0.3955408312766236
260,Russell Wilson,31,2019,16,1.0,0.7,1.19,0.76,1.12,-0.91,0.16,1.24,0.98,0.9729353235152979,0.4298457904668803,0.9728405390236521,0.7551329054022883,0.519077783409954,-0.19758282976333605,0.033123024323921335,0.4703483985206468,0.3289896638709693
261,Derek Carr,28,2019,16,0.98,1.42,1.15,0.72,0.19,-0.56,-0.59,0.94,0.89,0.9560879319825101,0.5705864558653883,0.8772736742810998,0.6248770449057884,0.22319316166049202,-0.21330820627626004,-0.26820237840184985,0.4624667902107015,0.3766839555373094
262,Jimmy Garoppolo,28,2019,16,0.81,1.2,1.11,0.65,0.97,0.07,-0.2,1.01,0.88,0.9951650058397704,0.7245351162230259,1.1202830070305565,1.0239515921118325,0.44162412918841665,-0.4361837153147333,-0.37087072608854,0.7487413721177254,0.7545598381618074
263,Josh Allen,23,2019,16,0.74,-0.53,0.55,-0.07,0.29,-0.33,-0.06,0.08,0.15,0.6274743750618177,-0.24637181586806078,0.5190979470705639,0.2705677348731782,0.08406886184294692,-0.39574215231994464,0.060327608664155465,0.12683783959422623,0.13278365616205529
